{"cameraMode":{"drawMode":0,"name":"Shaded","section":"Shading Mode"},"sceneLighting":true,"audioPlay":false,"sceneViewState":{"m_AlwaysRefresh":false,"showFog":true,"showSkybox":true,"showFlares":true,"showImageEffects":true,"showParticleSystems":true,"showVisualEffectGraphs":true,"m_FxEnabled":true},"in2DMode":false,"pivot":{"x":4.864629745483398,"y":5.268560409545898,"z":-52.61614990234375},"rotation":{"x":-0.0003236136690247804,"y":-0.9965944290161133,"z":0.08240541070699692,"w":-0.0038939230144023897},"size":886.129638671875,"orthographic":false}