{"cameraMode":{"drawMode":0,"name":"Shaded","section":"Shading Mode"},"sceneLighting":true,"audioPlay":false,"sceneViewState":{"m_AlwaysRefresh":false,"showFog":true,"showSkybox":true,"showFlares":true,"showImageEffects":true,"showParticleSystems":true,"showVisualEffectGraphs":true,"m_FxEnabled":true},"in2DMode":false,"pivot":{"x":-50.130523681640628,"y":255.95457458496095,"z":17.567550659179689},"rotation":{"x":-0.0003236136690247804,"y":-0.9965944290161133,"z":0.08240541070699692,"w":-0.0038939230144023897},"size":607.2737426757813,"orthographic":false}