{"cameraMode":{"drawMode":0,"name":"Shaded","section":"Shading Mode"},"sceneLighting":true,"audioPlay":false,"sceneViewState":{"m_AlwaysRefresh":false,"showFog":true,"showSkybox":true,"showFlares":true,"showImageEffects":true,"showParticleSystems":true,"showVisualEffectGraphs":true,"m_FxEnabled":true},"in2DMode":false,"pivot":{"x":-79.05746459960938,"y":61.39209747314453,"z":-37.591766357421878},"rotation":{"x":-0.020572859793901445,"y":0.9793865084648132,"z":-0.14651741087436677,"w":-0.13751785457134248},"size":111.43136596679688,"orthographic":false}